Column1;Column2;Column3;Column4;Column5;Название;Описание;Площадь (кв.метров, примерно);Устройство ВКС;Видеокамера (к ВКС);Дополнительные микрофоны и колонки (спикерфон);Телевизор (рек. если солнечная сторона);Проектор;Экран проектора;Название;Описание;Площадь (кв.метров, примерно);Устройство ВКС;Видеокамера (к ВКС);Дополнительные микрофоны и колонки (спикерфон);Телевизор (рек. если солнечная сторона);Проектор;Экран проектора;Название;Описание;Площадь (кв.метров, примерно);Устройство ВКС;Видеокамера (к ВКС);Дополнительные микрофоны и колонки (спикерфон);Телевизор (рек. если солнечная сторона);Проектор;Экран проектора;Название;Описание;Площадь (кв.метров, примерно);Устройство ВКС;Видеокамера (к ВКС);Дополнительные микрофоны и колонки (спикерфон);Телевизор (рек. если солнечная сторона);Проектор;Экран проектора;Название;Описание;Площадь (кв.метров, примерно);Устройство ВКС;Видеокамера (к ВКС);Дополнительные микрофоны и колонки (спикерфон);Телевизор (рек. если солнечная сторона);Проектор;Экран проектора;Название;Описание;Площадь (кв.метров, примерно);Устройство ВКС;Видеокамера (к ВКС);Дополнительные микрофоны и колонки (спикерфон);Телевизор (рек. если солнечная сторона);Проектор;Экран проектора;Название;Описание;Площадь (кв.метров, примерно);Устройство ВКС;Видеокамера (к ВКС);Дополнительные микрофоны и колонки (спикерфон);Телевизор (рек. если солнечная сторона);Проектор;Экран проектора;Название;Описание;Площадь (кв.метров, примерно);Устройство ВКС;Видеокамера (к ВКС);Дополнительные микрофоны и колонки (спикерфон);Телевизор (рек. если солнечная сторона);Проектор;Экран проектора;Название;Описание;Площадь (кв.метров, примерно);Устройство ВКС;Видеокамера (к ВКС);Дополнительные микрофоны и колонки (спикерфон);Телевизор (рек. если солнечная сторона);Проектор;Экран проектора;Название;Описание;Площадь (кв.метров, примерно);Устройство ВКС;Видеокамера (к ВКС);Дополнительные микрофоны и колонки (спикерфон);Телевизор (рек. если солнечная сторона);Проектор;Экран проектора;Название;Описание;Площадь (кв.метров, примерно);Устройство ВКС;Видеокамера (к ВКС);Дополнительные микрофоны и колонки (спикерфон);Телевизор (рек. если солнечная сторона);Проектор;Экран проектора;Название;Описание;Площадь (кв.метров, примерно);Устройство ВКС;Видеокамера (к ВКС);Дополнительные микрофоны и колонки (спикерфон);Телевизор (рек. если солнечная сторона);Проектор;Экран проектора;Название;Описание;Площадь (кв.метров, примерно);Устройство ВКС;Видеокамера (к ВКС);Дополнительные микрофоны и колонки (спикерфон);Телевизор (рек. если солнечная сторона);Проектор;Экран проектора;Название;Описание;Площадь (кв.метров, примерно);Устройство ВКС;Видеокамера (к ВКС);Дополнительные микрофоны и колонки (спикерфон);Телевизор (рек. если солнечная сторона);Проектор;Экран проектора;Название;Описание;Площадь (кв.метров, примерно);Устройство ВКС (Паук / Ноутбук / Не нужно);Расположение ВКС или ноутбука (По центру или В углу);Видеокамера (к ВКС);Расстояние от ВКС до камеры;Дополнительные микрофоны и колонки (спикерфон);Расстояние от ВКС до Проектора или ТВ (до 10 метров или Больше 10 метров);Тип освещения комнаты (Выпадающий список);Телевизор (Маленький / Средний / Большой);ТВ. Стойка (выпадающий список);Проектор;Проектор. Крепление (выпадающий список);Экран проектора (маленький / средний / большой);Кликер / РадиоМикрофон / Петличный радиомикрофон (выпадающий список)
Сибирь;Абакан;0;655017, Абакан, пр. Дружбы Народов, 1;36;Переговорная;нужна ВКС;28%8;1;1;0;0;1;1;;;;;;;;;;;;;;;;;;;;;;;;;;;;;;;;;;;;;;;;;;;;;;;;;;;;;;;;;;;;;;;;;;;;;;;;;;;;;;;;;;;;;;;;;;;;;;;;;;;;;;;;;;;;;;;;;;;;;;;;;;;;;;;;;;;;;
Северо-Запад;Архангельск;0;163000, Архангельск, ул. Свободы, 29 5 эт.;49;Учебный зал; экран имеется;30;1;1;1;;1;;Переговорная  ;-;12;1;1;1;1;;;Кабинет РУДА  переговорная;-;27;1;1;1;1;;;;;;;;;;;;;;;;;;;;;;;;;;;;;;;;;;;;;;;;;;;;;;;;;;;;;;;;;;;;;;;;;;;;;;;;;;;;;;;;;;;;;;;;;;;;;;;;;;;;;;;;;;;;;;;;;;;;;
Сибирь;Барнаул;0;656049, Барнаул, пр. Красноармейский, 61а;39;Переговорная в приемной;Из оборудования только проектор и старый экран/Требуется  один общий ноутбук для презентаций.;26;1;1;2;1;1;1;КФЗ;Место для проведения общих собраний сотрудников;35;1;1;1;1;;;;;;;;;;;;;;;;;;;;;;;;;;;;;;;;;;;;;;;;;;;;;;;;;;;;;;;;;;;;;;;;;;;;;;;;;;;;;;;;;;;;;;;;;;;;;;;;;;;;;;;;;;;;;;;;;;;;;;;;;;;;;;
Черноземье;Белгород;0;308009, Белгород, пр. Славы, 25;46;;;;;;;;;;;;;;;;;;;;;;;;;;;;;;;;;;;;;;;;;;;;;;;;;;;;;;;;;;;;;;;;;;;;;;;;;;;;;;;;;;;;;;;;;;;;;;;;;;;;;;;;;;;;;;;;;;;;;;;;;;;;;;;;;;;;;;;;;;;;;;
Байкал и Дальний Восток;Биробиджан;0;679000, Биробиджан, ул. Пионерская, 75А;15;;есть проектор и экран (лампа в проекторе угасает) ;12;0;;;;1;;;;;;;;;;;;;;;;;;;;;;;;;;;;;;;;;;;;;;;;;;;;;;;;;;;;;;;;;;;;;;;;;;;;;;;;;;;;;;;;;;;;;;;;;;;;;;;;;;;;;;;;;;;;;;;;;;;;;;;;;;;;;;;;;;;;;;
Байкал и Дальний Восток;Братск;0;665708, Братск, ул. Мира, 8;;;;;;;;;;;;;;;;;;;;;;;;;;;;;;;;;;;;;;;;;;;;;;;;;;;;;;;;;;;;;;;;;;;;;;;;;;;;;;;;;;;;;;;;;;;;;;;;;;;;;;;;;;;;;;;;;;;;;;;;;;;;;;;;;;;;;;;;;;;;;;;
Черноземье;Брянск;0;"241050, Брянск, ул. Фокина, 121
241007, Брянск, ул. Дуки 69, оф. 701";33;;;;;;;;;;;;;;;;;;;;;;;;;;;;;;;;;;;;;;;;;;;;;;;;;;;;;;;;;;;;;;;;;;;;;;;;;;;;;;;;;;;;;;;;;;;;;;;;;;;;;;;;;;;;;;;;;;;;;;;;;;;;;;;;;;;;;;;;;;;;;;
Северо-Запад ;Великий Новгород;0;173000, Великий Новгород, Славная, 48;36;Конференц-зал;есть экран (требует замены)и проектор;29%3;1;1;2;;;1;;телевизор;11%6;1;1;;;;;;;;;;;;;;;;;;;;;;;;;;;;;;;;;;;;;;;;;;;;;;;;;;;;;;;;;;;;;;;;;;;;;;;;;;;;;;;;;;;;;;;;;;;;;;;;;;;;;;;;;;;;;;;;;;;;;;;;;;;;;;;;
Байкал и Дальний Восток;Владивосток;1;690048, Владивосток, пр. 100 лет Владивостоку, 38а;72;Аврора;"поликом + проектор в новую переговорку
";18%7;1;1;1;;1;;Надежда;проектор и экран имеется;25%94;;нет;нет;нет;нет;нет;Паллада;переговорная комната ТФ, из оборудования ничего нет ;12%3;1;да;нет;да;нет;нет;;;;;;;;;;;;;;;;;;;;;;;;;;;;;;;;;;;;;;;;;;;;;;;;;;;;;;;;;;;;;;;;;;;;;;;;;;;;;;;;;;;;;;;;;;;;;;;;;;;;;;;;;;;;;;;;;;;
Центр;Владимир;1;600017, Владимир, ул. Луначарского, 13;55;;Офис в подготовке очередного кейса на переезд. Поликом+спикерфон+видеокамера, ТВ (проэктор и экран есть);15;1;1;1;1;;;;Офис в подготовке очередного кейса на переезд. Поликом+спикерфон+видеокамера, ТВ ;14;1;1;1;1;;;;;;;;;;;;;;;;;;;;;;;;;;;;;;;;;;;;;;;;;;;;;;;;;;;;;;;;;;;;;;;;;;;;;;;;;;;;;;;;;;;;;;;;;;;;;;;;;;;;;;;;;;;;;;;;;;;;;;;;;;;;;;
МР Юг;Волгоград;1;400005, Волгоград, ул. Коммунистическая, 19Д;62;???;Поликом+спикерфон+видеокамера +проектор+экран. Переговорка полностью укомплектована.;;;;;;;;;;;;;;;;;;;;;;;;;;;;;;;;;;;;;;;;;;;;;;;;;;;;;;;;;;;;;;;;;;;;;;;;;;;;;;;;;;;;;;;;;;;;;;;;;;;;;;;;;;;;;;;;;;;;;;;;;;;;;;;;;;;;;;;;;;;;
Северо-Запад ;Вологда;1;160022, Вологда, Пошехонское шоссе, д. 18, корпус С;47;Кружева;Помещение без окон. Есть проектор. Экран переносной на триноге в критическом состоянии. Был приобретен в 2009-2010 году. ;20;1;1;;;;1;Палисад;Помещение без окон.  Нет ничего. Необходим полный комплект;15;1;1;;1;;;Класс обучения;Помещение с очень большими окнами. Есть проектор. Видимость плохая. Необходима ТВ консоль;20;;;;1;;;Перегеворная кабинет директора;Помещение с окнами (дневное освещение) Нет ничего.;15;1;1;;1;;;;;;;;;;;;;;;;;;;;;;;;;;;;;;;;;;;;;;;;;;;;;;;;;;;;;;;;;;;;;;;;;;;;;;;;;;;;;;;;;;;;;;;;;;;;;;;;;;;;;;;;;;;;
Черноземье;Воронеж;1;394006, Воронеж, ул. 9 Января, 68б;162;Новый офис.  Переговорная средняя 2 этаж;Комплект оборудования Переговорки;28%5;1;1;1;;1;1;Новый офис. Переговорная малая 2 этаж.;Комплект оборудования Переговорки;18%6;1;1;1;1;;;Новый офис. Комната обучения 2 этаж.;Комплект оборудования ;32%6;;;1;;1;1;Новый офис. Переговорная малая 3 этаж;Комплект оборудования Переговорки;18%2;1;1;;1;;;Новый офис. Переговорная средняя 3 этаж.;Комплект оборудования Переговорки;23%2;1;1;1;;1;1;Новый офис. Переговорная трансформируемая большая 4 этаж.;Комплект оборудования.;30%3;1;1;1;1;1;1;;;;;;;;;;;;;;;;;;;;;;;;;;;;;;;;;;;;;;;;;;;;;;;;;;;;;;;;;;;;;;;;;;;;;;;;;;;;;;;;;;;;;;;;
ЦФ ОЦО;Воронеж ОЦО;1;394006, Воронеж, 20-летия Октября, 90 А;464;;;;;;;;;;;;;;;;;;;;;;;;;;;;;;;;;;;;;;;;;;;;;;;;;;;;;;;;;;;;;;;;;;;;;;;;;;;;;;;;;;;;;;;;;;;;;;;;;;;;;;;;;;;;;;;;;;;;;;;;;;;;;;;;;;;;;;;;;;;;;;
Урал;Екатеринбург;1;620000, Екатеринбург,  ул. 8 Марта, 51;195;Златоуст;8 этаж, маленькая пеереговорка;23;;;;;;1;Денежкин камень;8 этаж, маленькая переговорка;15;;;;;;1;Верхотурье;8 этаж, большая переговорка;32;;1;1;1;;;Тобольск;7 этаж, маленькая пеереговорка;20;;;1;;;1;Аркаим;7 этаж, маленькая пеереговорка;25;;;;1;;;Югра;7 этаж, большая пеереговорка;42;1;1;1;1;;;;;;;;;;;;;;;;;;;;;;;;;;;;;;;;;;;;;;;;;;;;;;;;;;;;;;;;;;;;;;;;;;;;;;;;;;;;;;;;;;;;;;;;;;
Центр;Иваново;1;153002, Иваново, ул. Багаева, 12;45;нет;Офис в подготовке к переезду, планируется организация 2-ой переговорной. Поликом+спикерфон+видеокамера, ТВ ;38%2;0;0;1;0;0;0;нет;Офис в подготовке к переезду, планируется организация 2-ой переговорной.;;1;1;1;1;0;0;кабинет РУД;;22;1;1;1;1;0;0;;;;;;;;;;;;;;;;;;;;;;;;;;;;;;;;;;;;;;;;;;;;;;;;;;;;;;;;;;;;;;;;;;;;;;;;;;;;;;;;;;;;;;;;;;;;;;;;;;;;;;;;;;;;;;;;;;;
Волга;Ижевск;1;426053, Ижевск, ул. Ворошилова, 77;51;Буран;;30%1;1;;1;;0;;Кабинет РУДа;;12;1;1;1;надо;;;;;;;;;;;;;;;;;;;;;;;;;;;;;;;;;;;;;;;;;;;;;;;;;;;;;;;;;;;;;;;;;;;;;;;;;;;;;;;;;;;;;;;;;;;;;;;;;;;;;;;;;;;;;;;;;;;;;;;;;;;;;;
Байкал и Дальний Восток;Иркутск;1;664011, Иркутск, ул. Свердлова, 36;220;Хиус (каб.-переговорная МРТД БиДВ);нужна система ВСК, спикерфон, колонки;;1;1;1;;;;;;;;;;;;;;;;;;;;;;;;;;;;;;;;;;;;;;;;;;;;;;;;;;;;;;;;;;;;;;;;;;;;;;;;;;;;;;;;;;;;;;;;;;;;;;;;;;;;;;;;;;;;;;;;;;;;;;;;;;;;;;;;;;;;;;;;
ЦФ;Иркутск КЦ;1;664009, Иркутск, ул. Можайского, 7;313;Хьюстон;"Нужно:
ТВ-дублер + стойка для ТВ
ВКС
Камера
6 спикерфонов
2 Презентера";33;1;1;6;1;0;0;Байконур;"Нужно:
ТВ-дублер + стойка для ТВ
ВКС
Камера
Проектор
6 Спикерфонов";78;1;1;6;1;1;0;Б.Медведица;"Нужно:
Проектор";;1;1;0;0;1;1;М.Медведица;"Нужно:
ТВ-дублер + стойка для ТВ
ВКС
Камера
4 Спикерфона";7;1;1;0;0;0;0;Восточный;Нужны web-камеры 2шт;;0;2;0;0;0;1;Плесецк;;15;0;0;0;0;0;1;Собеседование;;18;;;;;1;1;;;;;;;;;;;;;;;;;;;;;;;;;;;;;;;;;;;;;;;;;;;;;;;;;;;;;;;;;;;;;;;;;;;;;;;;;;;;;;;
Волга;Йошкар-Ола, Марий Эл;0;424033, Йошкар-Ола, ул.Петрова, 21;37;Марий Эл;есть проектор, экран;36;1;1;1;0;0;0;Кабинет руководителя;;;;;1;;;;;;;;;;;;;;;;;;;;;;;;;;;;;;;;;;;;;;;;;;;;;;;;;;;;;;;;;;;;;;;;;;;;;;;;;;;;;;;;;;;;;;;;;;;;;;;;;;;;;;;;;;;;;;;;;;;;;;;;;;;;;;;
Волга;Казань;1;420140, Казань, ул. Ломжинская, 20А;86;Казань-арена;есть проектор, экран. Нужен спикерфон;60;1;;;;;;Сююмбике;есть проектор, экран                                                                 Нужно:                                               Камера, ВКС, колонки,                                            радиомикрофон;110;1;1;1;;;;Юристы;есть проектор, нужен спикерфон;8;;;1;;;;кабинет директора;Нужен спикерфон;;;;1;;;;;;;;;;;;;;;;;;;;;;;;;;;;;;;;;;;;;;;;;;;;;;;;;;;;;;;;;;;;;;;;;;;;;;;;;;;;;;;;;;;;;;;;;;;;;;;;;;;;;;;;;;;;;
Северо-Запад ;Калининград;0;236010, Калининград, Кутузова, 30;43;Балтика;Есть: проектор, экран, 1 спикерфон;51%3;1;1;2;;;;Малая переговорная;;10;1;1;1;;;;Кабинет РУДА;Есть проектор, желательно заменить проектор на телевизор, т.к. солнечная сторона;21;1;1;1;1;;;;;;;;;;;;;;;;;;;;;;;;;;;;;;;;;;;;;;;;;;;;;;;;;;;;;;;;;;;;;;;;;;;;;;;;;;;;;;;;;;;;;;;;;;;;;;;;;;;;;;;;;;;;;;;;;;;;;
Центр;Калуга;1;248017, Калуга, ул. Московская, 289;55;Союз;Конференц-зал;36%5;1;1;1;0;0;0;;;;;;;;;;;;;;;;;;;;;;;;;;;;;;;;;;;;;;;;;;;;;;;;;;;;;;;;;;;;;;;;;;;;;;;;;;;;;;;;;;;;;;;;;;;;;;;;;;;;;;;;;;;;;;;;;;;;;;;;;;;;;;;;;;;;;
Сибирь;Кемерово;1;650000, Кемерово, ул. Дзержинского, 6А;73;Синяя переговорная;нужна ВКС, кабель HDMI 20 метров для проектора. Есть проектор, экран, спикерфон (старого образца);41, трансформируется в 81;1;1;2;0;0;0;;;;;;;;;;;;;;;;;;;;;;;;;;;;;;;;;;;;;;;;;;;;;;;;;;;;;;;;;;;;;;;;;;;;;;;;;;;;;;;;;;;;;;;;;;;;;;;;;;;;;;;;;;;;;;;;;;;;;;;;;;;;;;;;;;;;;
Волга;Киров;1;610002, Киров, ул.Пролетарская, 15;47;Волга;есть проектор, экран. Необходимы: вкс, камера, колонки, спикерфон, компьютер, презентер;38;1;1;1;1;;;Кабинет Директора филиала;;;1;1;1;;;;;;;;;;;;;;;;;;;;;;;;;;;;;;;;;;;;;;;;;;;;;;;;;;;;;;;;;;;;;;;;;;;;;;;;;;;;;;;;;;;;;;;;;;;;;;;;;;;;;;;;;;;;;;;;;;;;;;;;;;;;;;;
Байкал и Дальний Восток;Комсомольск-на-Амуре;;????????;10;;;;;;;;;;;;;;;;;;;;;;;;;;;;;;;;;;;;;;;;;;;;;;;;;;;;;;;;;;;;;;;;;;;;;;;;;;;;;;;;;;;;;;;;;;;;;;;;;;;;;;;;;;;;;;;;;;;;;;;;;;;;;;;;;;;;;;;;;;;;;;
Центр;Кострома;0;156002, Кострома, ул. Ерохова, 3А;38;Переговорная;планируется выгородить переговорку (в настоящий момент ее нет);16;1;1;;1;;;;;;;;;;;;;;;;;;;;;;;;;;;;;;;;;;;;;;;;;;;;;;;;;;;;;;;;;;;;;;;;;;;;;;;;;;;;;;;;;;;;;;;;;;;;;;;;;;;;;;;;;;;;;;;;;;;;;;;;;;;;;;;;;;;;;;;
МР Юг;Краснодар;1;350063, Краснодар, Пушкина, 38;86;Лаго-Наки;Установлен проектор и поликом;50;0;1;1;"1. Телевизор кроме презентаций, планируется использовать на различных мероприятиях, т.е. перемещаемый. 75"" Телевизор LG 75UP77006LB 2021 LED, HDR, черный";0;0;Большой Сочи;переговорка на втором этаже;;1;;0;0;0;0;;;;;;;;;;;;;;;;;;;;;;;;;;;;;;;;;;;;;;;;;;;;;;;;;;;;;;;;;;;;;;;;;;;;;;;;;;;;;;;;;;;;;;;;;;;;;;;;;;;;;;;;;;;;;;;;;;;;;;;;;;;;
Сибирь;Красноярск;1;660020, Красноярск, ул. Качинская, 20;118;Переговорная;нужна ВКС, спикерфоны, веб-камера, экран;25;1;1;1;0;1;1;Переговорная;нужна ВКС, веб-камера, ТВ;25;1;1;1;1;0;0;;;;;;;;;;;;;;;;;;;;;;;;;;;;;;;;;;;;;;;;;;;;;;;;;;;;;;;;;;;;;;;;;;;;;;;;;;;;;;;;;;;;;;;;;;;;;;;;;;;;;;;;;;;;;;;;;;;;;;;;;;;;
Урал;Курган;0;640006 г. Курган, ул. Кравченко, д. 55;15;Переговорная;;12;1;1;1;;1;1;;;;;;;;;;;;;;;;;;;;;;;;;;;;;;;;;;;;;;;;;;;;;;;;;;;;;;;;;;;;;;;;;;;;;;;;;;;;;;;;;;;;;;;;;;;;;;;;;;;;;;;;;;;;;;;;;;;;;;;;;;;;;;;;;;;;;
Черноземье;Курск;0;305000, Курск, ул.Радищева, 7;38;переговорная комната;В новую организованную переговорную комнату, необходимо установить оборудование для переговорных комнат;22;1;1;2 микрофона (2 колонки);1;;;Конференц-зал;Замена устаревшего, плохо работающего проектора;51;;;;;1;;;;;;;;;;;;;;;;;;;;;;;;;;;;;;;;;;;;;;;;;;;;;;;;;;;;;;;;;;;;;;;;;;;;;;;;;;;;;;;;;;;;;;;;;;;;;;;;;;;;;;;;;;;;;;;;;;;;;;;;;;;;;
Сибирь;Кызыл;0;667000, г. Кызыл, ул. Лопсанчапа, 45;10;???;;;;;;;;;;;;;;;;;;;;;;;;;;;;;;;;;;;;;;;;;;;;;;;;;;;;;;;;;;;;;;;;;;;;;;;;;;;;;;;;;;;;;;;;;;;;;;;;;;;;;;;;;;;;;;;;;;;;;;;;;;;;;;;;;;;;;;;;;;;;;
Черноземье;Липецк;0;398001, Липецк, пл. П. Великого, вл.2;39;;;;;;;;;;;;;;;;;;;;;;;;;;;;;;;;;;;;;;;;;;;;;;;;;;;;;;;;;;;;;;;;;;;;;;;;;;;;;;;;;;;;;;;;;;;;;;;;;;;;;;;;;;;;;;;;;;;;;;;;;;;;;;;;;;;;;;;;;;;;;;
Байкал и Дальний Восток;Магадан;0;685000, Магадан, ул. Болдырева, 5;21;переговорная комната;запрашиваемое оборудование отсутствует у филиала;18;1;1;2;;;;;;;;;;;;;;;;;;;;;;;;;;;;;;;;;;;;;;;;;;;;;;;;;;;;;;;;;;;;;;;;;;;;;;;;;;;;;;;;;;;;;;;;;;;;;;;;;;;;;;;;;;;;;;;;;;;;;;;;;;;;;;;;;;;;;;;;
Северо-Запад ;Мурманск;0;183038, Мурманск, пр. Героев-Североморцев, 33а;36;Заполярная;Требуется устройство ВКС поликом или аналог и проектор;17;1;1;1;0;1;0;;;;;;;;;;;;;;;;;;;;;;;;;;;;;;;;;;;;;;;;;;;;;;;;;;;;;;;;;;;;;;;;;;;;;;;;;;;;;;;;;;;;;;;;;;;;;;;;;;;;;;;;;;;;;;;;;;;;;;;;;;;;;;;;;;;;;
Урал;Нижневартовск, ХМАО;;628609, Нижневартовск, ул. Омская ,11, оф 501;;переговорная комната;5 этаж, маленькая переговорка;12;1;1;1;1;;;;;;;;;;;;;;;;;;;;;;;;;;;;;;;;;;;;;;;;;;;;;;;;;;;;;;;;;;;;;;;;;;;;;;;;;;;;;;;;;;;;;;;;;;;;;;;;;;;;;;;;;;;;;;;;;;;;;;;;;;;;;;;;;;;;;;;
Сибирь;Новокузнецк;;654007, г.Новокузнецк, пр.Ермакова, 9А, Тел. +7 3842 76 00 46;20;переговорная;нужна ВКС. Есть экран, проектор и спикерфон старого образца;27;1;1;1;0;0;0;;;;;;;;;;;;;;;;;;;;;;;;;;;;;;;;;;;;;;;;;;;;;;;;;;;;;;;;;;;;;;;;;;;;;;;;;;;;;;;;;;;;;;;;;;;;;;;;;;;;;;;;;;;;;;;;;;;;;;;;;;;;;;;;;;;;;
Волга;Нижний Новгород;1;603000, Нижний Новгород, Холодный переулок, 10А;297;Волга;установлен проектор и поликом, тв;25;0;0;0;0;0;заменить на широкий;Вятка;Переговорная комната в которой есть проектор, экран узкий. Выпадает окно трансляции;24;1;1;нет;нет;есть;заменить на широкий;Кама;В переговорной комнате отсутствует техника. ;24;1;1;нет;нужен;нет;нет;;;;;;;;;;;;;;;;;;;;;;;;;;;;;;;;;;;;;;;;;;;;;;;;;;;;;;;;;;;;;;;;;;;;;;;;;;;;;;;;;;;;;;;;;;;;;;;;;;;;;;;;;;;;;;;;;;;
ЦФ;Нижний Новгород НОК, ЦП;1;603024, Нижний Новгород, ул. Тургенева, 13А;250;Большая ;нужна ВКС, спикерфоны, веб-камера,  телевизор ;60;1;1;1;1;0;0;Радиопланеры;нужна ВКС, спикерфоны, веб-камера, экран, проектор,  ;50;1;1;1;0;1;1;Печора;нужна ВКС, спикерфоны, веб-камера, экран,  ;20;1;1;1;0;0;1;Малая;веб-камера, экран, проектор;20;1;1;1;0;1;1;;;;;;;;;;;;;;;;;;;;;;;;;;;;;;;;;;;;;;;;;;;;;;;;;;;;;;;;;;;;;;;;;;;;;;;;;;;;;;;;;;;;;;;;;;;;;;;;;;;;;;;;;;
Сибирь;Новосибирск;1;630108, Новосибирск, ул. Станционная, 30А, кор. А;203;Оранжевая;нужна ВКС, спикерфоны, веб-камера. ТВ не нужен;20;1;1;1;0;1;0;;;;;;;;;;;;;;;;;;;;;;;;;;;;;;;;;;;;;;;;;;;;;;;;;;;;;;;;;;;;;;;;;;;;;;;;;;;;;;;;;;;;;;;;;;;;;;;;;;;;;;;;;;;;;;;;;;;;;;;;;;;;;;;;;;;;;
Урал;Ноябрьск ЯНАО;0;629806, Ноябрьск, ул. Советская, 4;44;Гыдан;3 этаж. Проектору 4 года, изображение нечеткое. Телевизор необходим для мобильности и презентаций в общем зале офиса.;32;;;1;1;;;;;;;;;;;;;;;;;;;;;;;;;;;;;;;;;;;;;;;;;;;;;;;;;;;;;;;;;;;;;;;;;;;;;;;;;;;;;;;;;;;;;;;;;;;;;;;;;;;;;;;;;;;;;;;;;;;;;;;;;;;;;;;;;;;;;;;
Урал;Новый Уренгой ЯНАО;0;629300, Новый Уренгой, ул. Интернациональная, 6;7;переговорная;1 этаж. Телевизор необходим со встроенным модулем беспроводной сети.;20;;;;1;;;;;;;;;;;;;;;;;;;;;;;;;;;;;;;;;;;;;;;;;;;;;;;;;;;;;;;;;;;;;;;;;;;;;;;;;;;;;;;;;;;;;;;;;;;;;;;;;;;;;;;;;;;;;;;;;;;;;;;;;;;;;;;;;;;;;;;
Сибирь;Омск;1;644031, Омск, ул. 10 лет Октября, 182, корпус 3;81;Эйнштейн;нужен НОУТБУК, на данный момент он вообще отсутствует;56%2;1;1;1;0;0;0;Бродский;;12%8;;;;;;;Учебный класс;нужен НОУТБУК (действующий не воспроизводит видео, зависает) и сетевые фильтры 2 шт по 5 м.;54;1;1;1;;1;;;;;;;;;;;;;;;;;;;;;;;;;;;;;;;;;;;;;;;;;;;;;;;;;;;;;;;;;;;;;;;;;;;;;;;;;;;;;;;;;;;;;;;;;;;;;;;;;;;;;;;;;;;;;;;;;;;;
ЦФ;Омск ЦП;1;644112, Омск, пр. Комарова, 11, кор.1;232;Альфа ;1. есть проектор и вкс, нужен ТВ, ;;;;;1;;;Гамма ;2. есть проектор, нужен вкс, ;;1;;;;;;Омега ;3. есть проектор , нужен вкс. В остальных 2-х переговорных стоят проекторы;;1;;;;;;;;;;;;;;;;;;;;;;;;;;;;;;;;;;;;;;;;;;;;;;;;;;;;;;;;;;;;;;;;;;;;;;;;;;;;;;;;;;;;;;;;;;;;;;;;;;;;;;;;;;;;;;;;;;;;;;;;
Черноземье;Орел;0;302028, Орел, ул. Полесская 6, 3 этаж;35;переговорная;"есть телевизор 46""";10%64;1;1;1;;;;;;;;;;;;;;;;;;;;;;;;;;;;;;;;;;;;;;;;;;;;;;;;;;;;;;;;;;;;;;;;;;;;;;;;;;;;;;;;;;;;;;;;;;;;;;;;;;;;;;;;;;;;;;;;;;;;;;;;;;;;;;;;;;;;;;;;
Урал;Оренбург;0;460036, Оренбург, ул. Переселенцев, 1/1;42;Орск;основная переговорная теневая сторона ;25;1;1;1;;1;1;Бузулук;Сонечная сторона;14;;1;1;1;;;;;;;;;;;;;;;;;;;;;;;;;;;;;;;;;;;;;;;;;;;;;;;;;;;;;;;;;;;;;;;;;;;;;;;;;;;;;;;;;;;;;;;;;;;;;;;;;;;;;;;;;;;;;;;;;;;;;;;;;;;;;;
Черноземье;Пенза;0;440000, Пенза, ул.Революционная , 71;39;переговорная-учебный класс;нужна ВКС, спикерфоны, веб-камера;22;0;0;0;1;1;1;;;;;;;;;;;;;;;;;;;;;;;;;;;;;;;;;;;;;;;;;;;;;;;;;;;;;;;;;;;;;;;;;;;;;;;;;;;;;;;;;;;;;;;;;;;;;;;;;;;;;;;;;;;;;;;;;;;;;;;;;;;;;;;;;;;;;
Урал;Пермь;1;614066, Пермь, ул. Куйбышева, 117а;123;Чусовая;Установлено: 1ПК+монитор+наушники ;20;0;1;1;1;0;0;Вишера;Есть ТВ, Колонка, ПК, Камера;20;;1;1;0;0;0;Кама;"Есть ВКС, Камера, ТВ 65"", проектор";20;0;0;0;0;0;1;;;;;;;;;;;;;;;;;;;;;;;;;;;;;;;;;;;;;;;;;;;;;;;;;;;;;;;;;;;;;;;;;;;;;;;;;;;;;;;;;;;;;;;;;;;;;;;;;;;;;;;;;;;;;;;;;;;
Северо-Запад ;Петрозаводск;0;185031, Петрозаводск, ул. Заводская, 10А;34;Класс обучения;есть проектор и экран, нужна ВКС и камера;48;1;1;0;0;0;0;;;;;;;;;;;;;;;;;;;;;;;;;;;;;;;;;;;;;;;;;;;;;;;;;;;;;;;;;;;;;;;;;;;;;;;;;;;;;;;;;;;;;;;;;;;;;;;;;;;;;;;;;;;;;;;;;;;;;;;;;;;;;;;;;;;;;
Байкал и Дальний Восток;Петропавловск-Камчатский;0;683023, Петропавловск-Камчатский, пр. Победы, 12;21;;;;;;;;;;;;;;;;;;;;;;;;;;;;;;;;;;;;;;;;;;;;;;;;;;;;;;;;;;;;;;;;;;;;;;;;;;;;;;;;;;;;;;;;;;;;;;;;;;;;;;;;;;;;;;;;;;;;;;;;;;;;;;;;;;;;;;;;;;;;;;
Северо-Запад ;Псков;0;180007, Псков, ул. Пароменская, 8А;30;Переговорная/учебный класс;старый проектор;30;1;1;1;1;1;1;;;;;;;;;;;;;;;;;;;;;;;;;;;;;;;;;;;;;;;;;;;;;;;;;;;;;;;;;;;;;;;;;;;;;;;;;;;;;;;;;;;;;;;;;;;;;;;;;;;;;;;;;;;;;;;;;;;;;;;;;;;;;;;;;;;;;
МР Юг;Ростов;1;344010, Ростов-на-Дону, пр. Театральный, 60;156;Фишт;Нужна новая камера, так как эту пришлось переставить в Эльбрус из за неисправности;16;;1;;;;;Эльбрус;Полностью комплектна;50;;;;;;;Казбек;Нет: Камера                         Нужен новый блок питания poe поликом;16;;1;;;;;;;;;;;;;;;;;;;;;;;;;;;;;;;;;;;;;;;;;;;;;;;;;;;;;;;;;;;;;;;;;;;;;;;;;;;;;;;;;;;;;;;;;;;;;;;;;;;;;;;;;;;;;;;;;;;;;;;
ЦФ;Ростов БИТ;1;344010, Ростов-на-Дону, пр. Театральный, 60, лит. Г БИТ;484;Белка и Стрелка;пустой кабинет, только доска, но рядом Союз и Аполлон, в котором есть все;5;;;;;;;Союз и Аполлон;Все есть, кроме сломавшегося VGA-VGA кабеля, нужен метров 5;10;;;;;;;Мир;Все есть;15;;есть;не нужно;не нужно;есть;есть;Салют;Все есть;12;;;;;;;Мальта;Почти все есть, вместо поликома авая, даже есть ноутбук для конф связи;10;1;возможно нужна;не нужно;не нужен;есть;есть;Королев;Все есть;12;;есть;не нужно;не нужно;есть;есть;Восточный;Проектор, авая, покрашенная стена для изображения;10;1;возможно нужна;нет;нет;есть;нет, но есть стенка;Кавказ;Все есть, ничего не нужно;20;;-;-;-;-;-;-;Плесецк;Ничего нет;15;;;;;;;Гагарин;Авая, больше ничего;7;;;;;;;;;;;;;;;;;;;;;;;;;;;;;;;;;;;;;;;;;;;;;;;;;;;;;;;;;
ЦФ;Ростов КЦ;1;344012, Ростов-на-Дону, ул. Юфимцева, 17;599;Дарвин;"Нужно:
ТВ-дублер + стойка для ТВ
ВКС
Камера
Проектор
6 спикерфонов
2 Презентера";72;1;1;6;1;1;0;Чаплин;;30;0;0;0;0;0;0;Бродский;Нужны web-камеры 2шт;30;0;0;0;0;0;0;Пикассо;"Нужно:
Проектор";30;0;0;0;0;1;0;Дали;Нужны web-камеры 2шт;30;0;0;0;0;0;0;Эйнштейн;"Нужено:
ВКС";;1;0;0;0;0;0;Менеджерская;"Нужно:
ТВ-дублер + стойка для ТВ
ВКС
Камера
4 спикерфона";;1;1;4;1;0;0;Менеджерская 2;"Нужно:
ВКС
Камера
4 спикерфона";;1;1;4;;;;;;;;;;;;;;;;;;;;;;;;;;;;;;;;;;;;;;;;;;;;;;;;;;;;;;;;;;;;;;;;;;;;;;;;;
Центр;Рязань;1;390006, Рязань, Солотчинское шоссе, 2;48;;есть: телевизор. нужно - спикерфон, камера, кабель HDMI;20;1;1;1;;;;;;;;;;;;;;;;;;;;;;;;;;;;;;;;;;;;;;;;;;;;;;;;;;;;;;;;;;;;;;;;;;;;;;;;;;;;;;;;;;;;;;;;;;;;;;;;;;;;;;;;;;;;;;;;;;;;;;;;;;;;;;;;;;;;;;;;
Волга;Самара;1;443091, Самара, пр. Карла Маркса, 412 Б;55;Конференц-зал;есть проектор - 8 лет, светит тускло.;80;1;1;1;;есть , но светит тускло;есть , но светит тускло;Кабинет РУДа;;24;1;1;1;1;;;Кабинет ТД;;12;1;1;1;;;;;;;;;;;;;;;;;;;;;;;;;;;;;;;;;;;;;;;;;;;;;;;;;;;;;;;;;;;;;;;;;;;;;;;;;;;;;;;;;;;;;;;;;;;;;;;;;;;;;;;;;;;;;;;;;;;;;;
Северо-Запад ;Санкт-Петербург;1;"Санкт-Петербург, Приморский проспект, 54, к1, БЦ ""Премиум""";351;"Александрия			
";Есть телевизор, нужно ВКС с видеокамерой;17;1;1;;;;;Олимпия;Есть телевизор, нужно ВКС с видеокамерой;24;1;1;;;;;Мариенталь;Ничего нет, нужны телевизор, ВКС и видекоамера;27;1;1;;1;;;Юсуповский;Есть телевизор, нужно ВКС с видеокамерой;18;1;1;;;;;Таврический;Есть телевизор, нужно ВКС с видеокамерой;17;1;1;;;;;Петергоф;Есть телевизор, нужно ВКС с видеокамерой;29;1;1;;;;;Оредеж;Есть телевизор, нужно ВКС с видеокамерой;17;1;1;;;;;Фонтанка;Есть телевизор, нужно ВКС с видеокамерой;18;1;1;;;;;Охта;Есть телевизор, нужно ВКС с видеокамерой;21;1;1;;;;;Оккервиль;Есть телевизор, нужно ВКС с видеокамерой;28;1;1;;;;;Алые Паруса;Есть телевизор, нужна видеокамера и спикерфон;40 кв м + 87 кв м;;1;1;;;;Монрепо;ничего нет, нужны телевизор, видеокамера и спикерфон;27;;1;1;1;;;Кабинет технического директора;нужен спикерфон;;;;1;;;;Кабинет коммерческого директора;нужен спикерфон;;;;1;;;;;;;;;;;;;;;;;;;
Черноземье;Саранск;0;430030, Саранск, ул. Васенко, 9;30;переговорная/учебный класс;ВКС, Камера, спикерфон;28;1;1;6;есть;1;есть;;;;;;;;;;;;;;;;;;;;;;;;;;;;;;;;;;;;;;;;;;;;;;;;;;;;;;;;;;;;;;;;;;;;;;;;;;;;;;;;;;;;;;;;;;;;;;;;;;;;;;;;;;;;;;;;;;;;;;;;;;;;;;;;;;;;;
ЦФ;Саранск КЦ;1;430030, Саранск, ул. Васенко, 9, КЦ;407;Переговорка (Менеджерская);"Нужно:
ТВ-дублер + стойка для ТВ
ВКС
Камера
6 спикерфонов
2 Презентера";25;1;1;6;1;0;0;Москва.;"Нужно:
ТВ-дублер + стойка для ТВ
ВКС
Камера
Проектор
большой экран для проектора
6 спикерфонов
";74;1;1;6;1;1;1;Казань;Нужны web-камеры 2шт;52;0;0;0;0;0;0;Просто переговорная;Нужны web-камеры 1шт;5;0;0;0;0;0;0;Класс обучения Ярославль;Нужны web-камеры 2шт;38;0;0;0;0;0;0;;;;;;;;;;;;;;;;;;;;;;;;;;;;;;;;;;;;;;;;;;;;;;;;;;;;;;;;;;;;;;;;;;;;;;;;;;;;;;;;;;;;;;;;;;;;;;;;;
Черноземье;Саратов;1;410076, Саратов, ул. Верхняя, 17;49;Учебный класс;нужна ВКС, спикерфоны, видеокамера, телевизор;50;0;0;0;0;есть;есть;;;;;;;;;;;;;;;;;;;;;;;;;;;;;;;;;;;;;;;;;;;;;;;;;;;;;;;;;;;;;;;;;;;;;;;;;;;;;;;;;;;;;;;;;;;;;;;;;;;;;;;;;;;;;;;;;;;;;;;;;;;;;;;;;;;;;
Центр;Смоленск;1;214031, Смоленск, ул. Попова, 40/2;50;Нет;Не было ранее. Сделали недавно. Также нужен поликом взамен старого;27%6;1;;;1;;;;;;;;;;;;;;;;;;;;;;;;;;;;;;;;;;;;;;;;;;;;;;;;;;;;;;;;;;;;;;;;;;;;;;;;;;;;;;;;;;;;;;;;;;;;;;;;;;;;;;;;;;;;;;;;;;;;;;;;;;;;;;;;;;;;;;;
МР Юг;Сочи;0;354000 г. Сочи, ул. Воровского, 6;10;переговорка1;есть проектор;;1;1;0;1;1;1;;;;;;;;;;;;;;;;;;;;;;;;;;;;;;;;;;;;;;;;;;;;;;;;;;;;;;;;;;;;;;;;;;;;;;;;;;;;;;;;;;;;;;;;;;;;;;;;;;;;;;;;;;;;;;;;;;;;;;;;;;;;;;;;;;;;;
Урал;Сургут ХМАО;1;628417, Сургут, ул. Профсоюзов 9/1, корпус 1;55;Переговорка;Большая переговорка;25;;;1;;1;;переговорка;маленькая переговорка;;1;1;1;1;;;;;;;;;;;;;;;;;;;;;;;;;;;;;;;;;;;;;;;;;;;;;;;;;;;;;;;;;;;;;;;;;;;;;;;;;;;;;;;;;;;;;;;;;;;;;;;;;;;;;;;;;;;;;;;;;;;;;;;;;;;;;;
Урал;Ханты-Мансийск ХМАО;0;628001, г. Ханты-Мансийск, ул. Кирова 48;13;переговорка;маленькая переговорка;9;1;1;1;;;;;;;;;;;;;;;;;;;;;;;;;;;;;;;;;;;;;;;;;;;;;;;;;;;;;;;;;;;;;;;;;;;;;;;;;;;;;;;;;;;;;;;;;;;;;;;;;;;;;;;;;;;;;;;;;;;;;;;;;;;;;;;;;;;;;;;;
Урал;Сыктывкар;0;167000, Сыктывкар, ул. Коммунистическая, 48/2;41;переговорка;2 этаж, большая переговорная;32;1;1;1;1;;;переговорка;2 этаж, малая переговорная;15;1;1;1;;;;;;;;;;;;;;;;;;;;;;;;;;;;;;;;;;;;;;;;;;;;;;;;;;;;;;;;;;;;;;;;;;;;;;;;;;;;;;;;;;;;;;;;;;;;;;;;;;;;;;;;;;;;;;;;;;;;;;;;;;;;;;;
Черноземье;Тамбов;0;392018, Тамбов, ул. Мичуринская, 89Б;35;Перегорная в ТД;В феврале из склада РФА сделали переговорку, для оснащения полный комплект оборудования;20;0;0;0;0;0;0;;;;;;;;;;;;;;;;;;;;;;;;;;;;;;;;;;;;;;;;;;;;;;;;;;;;;;;;;;;;;;;;;;;;;;;;;;;;;;;;;;;;;;;;;;;;;;;;;;;;;;;;;;;;;;;;;;;;;;;;;;;;;;;;;;;;;
Центр;Тверь;1;170001, Тверь, ул. Двор Пролетарки, 7;60;Селигер;в наличии: Поликом+спикерфон+видеокамера, (проектор и экран есть);46;;;;;;;Тверца;"в наличии: ТВ
";6%5;1;1;1;;;;Кабинет РУД;"Надо:
Интерактивная доска";22;;1;;;1 примечание;1;Кабинет ТД;;10;;;1;;;;;;;;;;;;;;;;;;;;;;;;;;;;;;;;;;;;;;;;;;;;;;;;;;;;;;;;;;;;;;;;;;;;;;;;;;;;;;;;;;;;;;;;;;;;;;;;;;;;;;;;;;;;;
Сибирь;Томск;1;634049, Томск, Иркутский тракт, 53б;45;Стокгольм;В наличии: Проектор.Требуется замена экрана проектора (физ.износ)+ требуется ВКС,видеокамера (к ВКС),доп.микрофоны и колонки(спикерфон);44;1;1;1;0;0;1;;;;;;;;;;;;;;;;;;;;;;;;;;;;;;;;;;;;;;;;;;;;;;;;;;;;;;;;;;;;;;;;;;;;;;;;;;;;;;;;;;;;;;;;;;;;;;;;;;;;;;;;;;;;;;;;;;;;;;;;;;;;;;;;;;;;;
Центр;Тула;1;300041, Тула, ул. Демонстрации, 10Б;157;Учебный класс;нужна ВКС, спикерфоны, веб-камера,ТВ. проектор;42%37;1;1;1;1;1;;;;;;;;;;;;;;;;;;;;;;;;;;;;;;;;;;;;;;;;;;;;;;;;;;;;;;;;;;;;;;;;;;;;;;;;;;;;;;;;;;;;;;;;;;;;;;;;;;;;;;;;;;;;;;;;;;;;;;;;;;;;;;;;;;;;;;
Урал;Тюмень;1;625000, Тюмень, ул.Пермякова, 1, стр 5 оф 403;70;Маяковский;малая переговорная с мобильной перегородкой, в случае необходимости Маяковский +Дали дают общую переговорную;6;;;;;;;Дали;малая переговорная с мобильной перегородкой, в случае необходимости Маяковский +Дали дают общую переговорную;6м2;1;1;;;1;1;Эйнштейн;переговорная В2В;12;1;1;1;;1;;Дарвин+Чаплин=учебный класс;без названия;56;1;1;1;1;;;;;;;;;;;;;;;;;;;;;;;;;;;;;;;;;;;;;;;;;;;;;;;;;;;;;;;;;;;;;;;;;;;;;;;;;;;;;;;;;;;;;;;;;;;;;;;;;;;;;;;;;;;;
Байкал и Дальний Восток;Улан-Удэ;1;670047, Улан-Удэ, ул. Сахьяновой, 9, стр. 14;47;Переговорная;Проектор есть.Нужно   ВКС, колонки соответственно, микрофон ,камера и  ТВ.;21%2;0;0;0;0;1;1;конфзал;Проектор есть.Нужно  ВКС, колонки соответственно, микрофоны ,камера.;52%4;0;0;0;0;1;1;;;;;;;;;;;;;;;;;;;;;;;;;;;;;;;;;;;;;;;;;;;;;;;;;;;;;;;;;;;;;;;;;;;;;;;;;;;;;;;;;;;;;;;;;;;;;;;;;;;;;;;;;;;;;;;;;;;;;;;;;;;;
Волга ;Ульяновск;1;432063, Ульяновск, ул. Гончарова, 52;63;Переговорная 1;Кабинет РУДа;39%27;1;1;1;1;0;0;Переговорная 2 ;ТД;22;1;1;1;1;0;0;;;;;;;;;;;;;;;;;;;;;;;;;;;;;;;;;;;;;;;;;;;;;;;;;;;;;;;;;;;;;;;;;;;;;;;;;;;;;;;;;;;;;;;;;;;;;;;;;;;;;;;;;;;;;;;;;;;;;;;;;;;;
Байкал и Дальний Восток;Хабаровск;1;Новый адрес офиса улица Морозова Павла Леонтьевича, 84В, 4 этаж;82;"Переговорная ""Амур""";Комплект оборудования Переговорки ( ВКС, колонки, веб-камера, ТВ) проектор есть.;40;1;1;1;1;;;"Переговорная ""Уссури""";Комплект оборудования Переговорки ( проектор есть).;20;1;1;1;;;1;Учебный класс ;Комплект оборудования для Учебного класса;27;;1;1;;;1;;;;;;;;;;;;;;;;;;;;;;;;;;;;;;;;;;;;;;;;;;;;;;;;;;;;;;;;;;;;;;;;;;;;;;;;;;;;;;;;;;;;;;;;;;;;;;;;;;;;;;;;;;;;;;;;;;;
Волга;Чебоксары;1;428018, Чебоксары, ул. К.Иванова, 83;45;Переговорная 1;Экран не нужен, стены белые;12;1;1;;;1;;"Переговорная 2 
(кабинет директора)";Есть телевизор, ноутбук, спикерфон;24;;1;;;;;"Переговорная 3
(кабинет тех.директора)";Есть ноутбук;15;;1;1 (спикерфон);;;;"Переговорная 4 
(учебный класс)";Есть проектор, экран;46;1;1;;;;;;;;;;;;;;;;;;;;;;;;;;;;;;;;;;;;;;;;;;;;;;;;;;;;;;;;;;;;;;;;;;;;;;;;;;;;;;;;;;;;;;;;;;;;;;;;;;;;;;;;;;;;;;
Урал;Челябинск;1;454007, Челябинск, ул. Ленина, 26а;125;Альфа;"Уже есть:

Проектор + Экран
Громкоговоритель Jabra 


Ещё нужно:

Доп. экран: Телевизор 
Видео-камера
Аудио-система
Петличный микрофон
Система ВКС";32;1;1;"2
(микрофоны, аудио-система)";1;есть;есть;Омега;"Уже есть:

Проектор + экран


Ещё нужно:

Громкая связь (типа Jabra)";16;;;"1
(громкая связь типа Jabra)";;есть;есть;Учебный класс;"Уже есть:

Проектор + экран

Ещё нужно:

Аудио-система
Видео-камера
Петличный микрофон";55;1;1;"2
(микрофоны, колонки)";;есть;есть;Магнитогорск;нет ничего;20;1;1;;;1;1;Миасс;нет ничего;15;;;1 (громкая связь для конференций);;1;1;;;;;;;;;;;;;;;;;;;;;;;;;;;;;;;;;;;;;;;;;;;;;;;;;;;;;;;;;;;;;;;;;;;;;;;;;;;;;;;;;;;;;;;;;;;;;;;;;
ЦФ;Челябинск КЦ;1;454080, Челябинск, ул. Витебская, 4;362;Урал;"Нужно:
ТВ-дублер + стойка для ТВ
ВКС
Камера
Проектор
большой экран для проектора
6 спикерфонов
2 Презентера";100;1;1;6;1;1;1;Сибирь;"Нужно:
ВКС
Камера
Проектор
экран для проектора
2 спикерфонов
";18%38;1;1;2;0;1;1;Малахит;Нужны web-камеры 2шт;41%29;0;0;0;0;1;1;Лазурит;Нужны web-камеры 2шт;34%2;0;0;0;0;1;1;Янтарь;Нужны web-камеры 2шт;35%4;0;0;0;0;1;1;Аметист(hr);10;;0;0;0;0;0;0;Переговорка 5й этаж;"Нужно:
ТВ-дублер + стойка для ТВ
ВКС
Камера
2 спикерфона";16;1;1;2;1;0;0;Кинозал;"Нужно:
Проектор и возможно экран для проектора";22;0;0;0;0;1;1;;;;;;;;;;;;;;;;;;;;;;;;;;;;;;;;;;;;;;;;;;;;;;;;;;;;;;;;;;;;;;;;;;;;;;
Байкал и Дальний Восток;Южно-Сахалинск;0;693001, Южно-Сахалинск, пр. Мира, 29;33;комната для переговоров;есть: проектор, экран, колонки не работают. Нужно: автоматический экран на пульте управления, чтобы можно было сворачивать и разворачивать (ширина 2 м), колонки новые, спикерфон;17;;;1;;есть;1 автоматический экран на пульте управления, чтобы можно было сворачивать и разворачивать (ширина от  2 м);;;;;;;;;;;;;;;;;;;;;;;;;;;;;;;;;;;;;;;;;;;;;;;;;;;;;;;;;;;;;;;;;;;;;;;;;;;;;;;;;;;;;;;;;;;;;;;;;;;;;;;;;;;;;;;;;;;;;;;;;;;;;;;;;;;;;
Центр;Ярославль;1;150003, г. Ярославль, ул. Флотская, д. 8, корп. 2;53;Учебный класс;Необходимо оборудовать учебный класс в новом офисе.;38;1;1;1;1;;;Переговорная 1;"Есть: телевизор
Нужно: устройство ВСК, микрофон, колонки";15;1;1;1;;;;;;;;;;;;;;;;;;;;;;;;;;;;;;;;;;;;;;;;;;;;;;;;;;;;;;;;;;;;;;;;;;;;;;;;;;;;;;;;;;;;;;;;;;;;;;;;;;;;;;;;;;;;;;;;;;;;;;;;;;;;;;;
Центр;Смоленск;1;214031, г. Смоленск, ул. Попова 40/2;45;"Переговорная ""Грибоедов""";Новая переговорная комната поликом+телевизор+видеокамера+колонки+проектор+экран;27%6;1;1;1;1;1;1;;;;;;;;;;;;;;;;;;;;;;;;;;;;;;;;;;;;;;;;;;;;;;;;;;;;;;;;;;;;;;;;;;;;;;;;;;;;;;;;;;;;;;;;;;;;;;;;;;;;;;;;;;;;;;;;;;;;;;;;;;;;;;;;;;;;;
;;;;;;;;;;;;;;;;;;;;;;;;;;;;;;;;;;;;;;;;;;;;;;;;;;;;;;;;;;;;;;;;;;;;;;;;;;;;;;;;;;;;;;;;;;;;;;;;;;;;;;;;;;;;;;;;;;;;;;;;;;;;;;;;;;;;;;;;;;;;;;;;;;
;;;;;;;;;;;;;;;;;;;;;;;;;;;;;;;;;;;;;;;;;;;;;;;;;;;;;;;;;;;;;;;;;;;;;;;;;;;;;;;;;;;;;;;;;;;;;;;;;;;;;;;;;;;;;;;;;;;;;;;;;;;;;;;;;;;;;;;;;;;;;;;;;;
;;;;;;;;;;;;;;;;;;;;;;;;;;;;;;;;;;;;;;;;;;;;;;;;;;;;;;;;;;;;;;;;;;;;;;;;;;;;;;;;;;;;;;;;;;;;;;;;;;;;;;;;;;;;;;;;;;;;;;;;;;;;;;;;;;;;;;;;;;;;;;;;;;
;;;;;;;;;;;;;;;;;;;;;;;;;;;;;;;;;;;;;;;;;;;;;;;;;;;;;;;;;;;;;;;;;;;;;;;;;;;;;;;;;;;;;;;;;;;;;;;;;;;;;;;;;;;;;;;;;;;;;;;;;;;;;;;;;;;;;;;;;;;;;;;;;;
;;;;;;;;;;;;;;;;;;;;;;;;;;;;;;;;;;;;;;;;;;;;;;;;;;;;;;;;;;;;;;;;;;;;;;;;;;;;;;;;;;;;;;;;;;;;;;;;;;;;;;;;;;;;;;;;;;;;;;;;;;;;;;;;;;;;;;;;;;;;;;;;;;
;;;;;;;;;;;;;;;;;;;;;;;;;;;;;;;;;;;;;;;;;;;;;;;;;;;;;;;;;;;;;;;;;;;;;;;;;;;;;;;;;;;;;;;;;;;;;;;;;;;;;;;;;;;;;;;;;;;;;;;;;;;;;;;;;;;;;;;;;;;;;;;;;;
;;;;;;;;;;;;;;;;;;;;;;;;;;;;;;;;;;;;;;;;;;;;;;;;;;;;;;;;;;;;;;;;;;;;;;;;;;;;;;;;;;;;;;;;;;;;;;;;;;;;;;;;;;;;;;;;;;;;;;;;;;;;;;;;;;;;;;;;;;;;;;;;;;
;;;;;;;;;;;;;;;;;;;;;;;;;;;;;;;;;;;;;;;;;;;;;;;;;;;;;;;;;;;;;;;;;;;;;;;;;;;;;;;;;;;;;;;;;;;;;;;;;;;;;;;;;;;;;;;;;;;;;;;;;;;;;;;;;;;;;;;;;;;;;;;;;;
;;;;;;;;;;;;;;;;;;;;;;;;;;;;;;;;;;;;;;;;;;;;;;;;;;;;;;;;;;;;;;;;;;;;;;;;;;;;;;;;;;;;;;;;;;;;;;;;;;;;;;;;;;;;;;;;;;;;;;;;;;;;;;;;;;;;;;;;;;;;;;;;;;
;;;;;;;2014%28;51;51;76;26;22;16;;;955%22;28;29;35;13;7;7;;;617%19;13;16;11;6;5;7;;;311%4;8;8;5;3;4;4;;;193%6;3;4;1;1;3;4;;;128%3;4;3;2;2;1;2;;;61;4;3;6;2;1;1;;;60;2;2;4;0;1;1;;;21;16;1;0;0;0;0;;;28;8;1;0;0;0;0;;;0;0;1;1;0;0;0;;;27;0;1;1;1;0;0;;;0;0;0;1;0;0;0;;;0;0;0;1;0;0;0;;;;;;;;;;;;;;;;
;;;;;;Сумма;4416%99;137;120;144;54;44;42;;;;;;;;;;;;;;;;;;;;;;;;;;;;;;;;;;;;;;;;;;;;;;;;;;;;;;;;;;;;;;;;;;;;;;;;;;;;;;;;;;;;;;;;;;;;;;;;;;;;;;;;;;;;;;;;;;;;;;;;;;;;;;;;;;;;;
;;;;;;;Площадь (кв.метров, примерно);Устройство ВКС;Видеокамера (к ВКС);Дополнительные микрофоны и колонки (спикерфон);Телевизор (рек. если солнечная сторона);Проектор;Экран проектора;;;;;;;;;;;;;;;;;;;;;;;;;;;;;;;;;;;;;;;;;;;;;;;;;;;;;;;;;;;;;;;;;;;;;;;;;;;;;;;;;;;;;;;;;;;;;;;;;;;;;;;;;;;;;;;;;;;;;;;;;;;;;;;;;;;;;
;;;;;;;;;;;;;;;;;;;;;;;;;;;;;;;;;;;;;;;;;;;;;;;;;;;;;;;;;;;;;;;;;;;;;;;;;;;;;;;;;;;;;;;;;;;;;;;;;;;;;;;;;;;;;;;;;;;;;;;;;;;;;;;;;;;;;;;;;;;;;;;;;;
;;;;;;;;;;;;;;;;;;;;;;;;;;;;;;;;;;;;;;;;;;;;;;;;;;;;;;;;;;;;;;;;;;;;;;;;;;;;;;;;;;;;;;;;;;;;;;;;;;;;;;;;;;;;;;;;;;;;;;;;;;;;;;;;;;;;;;;;;;;;;;;;;;
;;;;;;;;;;;;;;;;;;;;;;;;;;;;;;;;;;;;;;;;;;;;;;;;;;;;;;;;;;;;;;;;;;;;;;;;;;;;;;;;;;;;;;;;;;;;;;;;;;;;;;;;;;;;;;;;;;;;;;;;;;;;;;;;;;;;;;;;;;;;;;;;;;
;;;;;;Для офисов больше 45;;80;;;;;;;;;;;;;;;;;;;;;;;;;;;;;;;;;;;;;;;;;;;;;;;;;;;;;;;;;;;;;;;;;;;;;;;;;;;;;;;;;;;;;;;;;;;;;;;;;;;;;;;;;;;;;;;;;;;;;;;;;;;;;;;;;;;;;;;;;;
